Store,Category,Mapped Category
5050store,Decks,Decks
5050store,Skate Shoe,Shoes
5050store,Trucks,Trucks
5050store,"Wax, Tools & DVDs",Other Hardware
5050store,T-Shirt,T-Shirts
5050store,Bolts & Grip,Other Hardware
5050store,Caps,Hats & Beanies
5050store,Polos & Shirts,Shirts & Polos
5050store,Hoods & Crews,Hoodies & Sweaters
5050store,LS T-Shirt,T-Shirts
5050store,Completes,Completes
5050store,Beanies,Hats & Beanies
5050store,Other Accessories,Other Accessories
5050store,T Shirt,T-Shirts
5050store,Bags,Bags
5050store,Bearings,Other Hardware
5050store,Jackets & Coats,Outerwear
5050store,"Jeans, Trousers & Shorts",Bottoms
5050store,Other Hardware,Other Hardware
5050store,Socks & Boxers,Other Accessories
5050store,Wheels,Wheels
5050store,Socks,Other Accessories
5050store,Boxers,Other Accessories
5050store,Pants,Bottoms
5050store,Shorts,Bottoms
5050store,Jackets,Outerwear
5050store,Coats,Outerwear
5050store,Sweaters,Hoodies & Sweaters
5050store,Hoodies,Hoodies & Sweaters
5050store,Shirts,Shirts & Polos
5050store,Polos,Shirts & Polos
5050store,Belts,Other Accessories
5050store,Wallets,Other Accessories
5050store,Hats,Hats & Beanies
5050store,DVDs,Other Hardware
5050store,Grip Tape,Other Hardware
5050store,Tools,Other Hardware
5050store,Risers,Other Hardware
5050store,Bushings,Other Hardware
5050store,Rails,Other Hardware
5050store,Slam Pads,Other Hardware
5050store,Hardware Packs,Other Hardware
5050store,Sunglasses,Other Accessories
5050store,Gloves,Other Accessories
5050store,Scarves,Other Accessories
5050store,Ear Plugs,Other Accessories
5050store,Mouth Guards,Other Accessories
5050store,Helmets,Protection
5050store,Pads,Protection
5050store,DVDs & Media,DVDs & Media
5050store,Other Clothing,Other Clothing
5050store,Other,Other
tvsc,Default type,Other
tvsc,Grip Tape,Other Hardware
tvsc,Underwear,Other Clothing
tvsc,Insoles,Other Hardware
tvsc,Nuts & Bolts,Other Hardware
tvsc,Pants,Bottoms
tvsc,Decks,Decks
tvsc,Jackets,Outerwear
tvsc,Tees,T-Shirts
tvsc,Knee Pads,Protection
tvsc,Hoodie,Hoodies & Sweaters
tvsc,Gift Card,Other
tvsc,Fleece,Hoodies & Sweaters
tvsc,Skateboard Bushings,Other Hardware
tvsc,Trucks,Trucks
tvsc,Changing Robe,Other Clothing
tvsc,Hip Bag,Bags
tvsc,Elbow Pads,Protection
tvsc,Stickers,Other Hardware
tvsc,Sunglasses,Accessories
tvsc,Trousers,Bottoms
tvsc,Crews,Hoodies & Sweaters
tvsc,Caps,Hats & Beanies
tvsc,Miscellaneous,Other
tvsc,Changing Mats,Other Hardware
tvsc,Flip-Flops,Shoes
tvsc,Air Fresheners,Other Hardware
tvsc,Wallets,Accessories
tvsc,Grinder,Other Hardware
tvsc,Pin Badge,Other Hardware
tvsc,Belts,Accessories
tvsc,Mugs,Other Hardware
tvsc,tees,T-Shirts
tvsc,Hoodies,Hoodies & Sweaters
tvsc,Vests,Other Clothing
tvsc,Socks,Other Clothing
tvsc,Completes,Completes
tvsc,Beanies,Hats & Beanies
tvsc,Keychains,Other Hardware
tvsc,Helmets,Protection
tvsc,Wax,Other Hardware
tvsc,Pads,Protection
tvsc,Resins,Other Hardware
tvsc,Ashtray,Other Hardware
tvsc,Bearings,Other Hardware
tvsc,Shoes,Shoes
tvsc,Jeans,Bottoms
tvsc,Skate Tool,Other Hardware
tvsc,Wrist Guards,Protection
tvsc,Shirts,Shirts & Polos
tvsc,Bucket Hats,Hats & Beanies
tvsc,Wheels,Wheels
tvsc,Backpacks,Bags
tvsc,Shorts,Bottoms
decimal,Footwear,Shoes
decimal,Decks,Decks
decimal,Jackets,Outerwear
decimal,Wallet,Bags
decimal,Gift Card,Gift Cards
decimal,Trucks,Trucks
decimal,Headwear,Hats & Beanies
decimal,Stickers,Other Accessories
decimal,Ring,Other Accessories
decimal,Sweatshirts,Hoodies & Sweaters
decimal,Belts,Other Accessories
decimal,Hoodies,Hoodies & Sweaters
decimal,Legwear,Bottoms
decimal,Skateboard Accessories,Other Hardware
decimal,Socks,Other Accessories
decimal,Bags,Bags
decimal,Gadget,Other Accessories
decimal,Bearings,Other Hardware
decimal,Complete,Completes
decimal,Accessories,Other Accessories
decimal,T-Shirts,T-Shirts
decimal,Skateboard Parts,Other Hardware
decimal,Shirts,Shirts & Polos
decimal,Wheels,Wheels
note,T-shirts,T-Shirts
note,Shoe Care,Other
note,Default Type,Other
note,Footwear,Shoes
note,Pants,Bottoms
note,Decks,Decks
note,Jackets,Outerwear
note,Hats,Hats & Beanies
note,Gift Card,Other
note,Trucks,Trucks
note,Complete Skateboards,Completes
note,Sweaters,Hoodies & Sweaters
note,Sweatshirts,Hoodies & Sweaters
note,Hardware,Other Hardware
note,Media,DVDs & Media
note,Safety Gear,Protection
note,Shirts & Tops,Shirts & Polos
note,Socks,Other Clothing
note,Bags,Bags
note,Accessories,Accessories
note,Shirts,Shirts & Polos
note,Wheels,Wheels
forw4rd,Footwear,Shoes
forw4rd,Pants,Bottoms
forw4rd,decks,Decks
forw4rd,Hats,Hats & Beanies
forw4rd,Hoodie,Hoodies & Sweaters
forw4rd,Sweatshirt,Hoodies & Sweaters
forw4rd,Thrasher,Other Clothing
forw4rd,Trucks,Trucks
forw4rd,Headwear,Hats & Beanies
forw4rd,jacket,Outerwear
forw4rd,beanie,Hats & Beanies
forw4rd,sunglasses,Accessories
forw4rd,blanket,Other Accessories
forw4rd,Jacket,Outerwear
forw4rd,Books & DVD's,DVDs & Media
forw4rd,T-Shirt,T-Shirts
forw4rd,shoes,Shoes
forw4rd,Lighter,Other Accessories
forw4rd,Shirt,Shirts & Polos
forw4rd,Hardware,Other Hardware
forw4rd,wheels,Wheels
forw4rd,Top,Shirts & Polos
forw4rd,Hoodies,Hoodies & Sweaters
forw4rd,Skateboarding,Other
forw4rd,hat,Hats & Beanies
forw4rd,Socks,Other Accessories
forw4rd,Bags,Bags
forw4rd,accessories,Accessories
forw4rd,shorts,Bottoms
forw4rd,Bearings,Other Hardware
forw4rd,Jeans,Bottoms
forw4rd,Patch,Other Accessories
forw4rd,Watch,Other Accessories
forw4rd,Camping,Other
forw4rd,Shorts,Bottoms
palomino,Underwear,Other Clothing
palomino,Jackets,Outerwear
palomino,Films,DVDs & Media
palomino,Crews & Hoods,Hoodies & Sweaters
palomino,Trucks,Trucks
palomino,Headwear,Hats & Beanies
palomino,Stickers,Other Hardware
palomino,Trousers,Bottoms
palomino,Gift Vouchers,Other
palomino,T Shirts,T-Shirts
palomino,Hardware,Other Hardware
palomino,Belts,Accessories
palomino,Books & Magazines,Other
palomino,Tools,Other Hardware
palomino,Acc,Accessories
palomino,Wax,Other Hardware
palomino,Bags,Bags
palomino,Shirts & Polos,Shirts & Polos
palomino,Shoes,Shoes
palomino,Boards,Decks
palomino,Accessories,Accessories
palomino,Wheels,Wheels
palomino,Publications,Other
palomino,Rails,Other Hardware
palomino,Badges,Other Hardware
palomino,Shorts,Bottoms
seed,Decks,Decks
seed,Jackets,Outerwear
seed,Fleece,Hoodies & Sweaters
seed,Trucks,Trucks
seed,Protection,Protection
seed,T-Shirt,T-Shirts
seed,Trousers,Bottoms
seed,Caps,Hats & Beanies
seed,bearings,Other Hardware
seed,Hardware,Other Hardware
seed,wheels,Wheels
seed,Longsleeves,Other Clothing
seed,Vouchers,Other
seed,Hoodies,Hoodies & Sweaters
seed,Socks,Other Clothing
seed,Completes,Completes
seed,Beanies,Hats & Beanies
seed,Wax,Other Hardware
seed,Accessories,Accessories
seed,Wheels,Wheels
moose,T-Shirt,T-Shirts
moose,Deck,Decks
moose,Socks,Other Clothing
moose,Wax,Other Hardware
moose,Jacket,Outerwear
slam,Insoles,Other Hardware
slam,Scarf,Other Clothing
slam,Footwear,Shoes
slam,Wallet,Accessories
slam,Crew,Hoodies & Sweaters
slam,Polo,Shirts & Polos
slam,Trucks,Trucks
slam,Bolts,Other Hardware
slam,Jacket,Outerwear
slam,Magazine,DVDs & Media
slam,Key Chain,Other Hardware
slam,Sunglasses,Accessories
slam,Sticker,Other Hardware
slam,T-Shirt,T-Shirts
slam,Griptape,Other Hardware
slam,Kingpin,Other Hardware
slam,Shirt,Shirts & Polos
slam,Gloves,Protection
slam,Bushings,Other Hardware
slam,Hood,Hoodies & Sweaters
slam,Pin Badge,Other Hardware
slam,Cardigan,Hoodies & Sweaters
slam,Book,Other
slam,Vest,Other Clothing
slam,Mug,Other
slam,Belt,Accessories
slam,Bag,Bags
slam,Beanie,Hats & Beanies
slam,Deck,Decks
slam,Helmet,Protection
slam,Socks,Other Clothing
slam,Wax,Other Hardware
slam,Pads,Protection
slam,Bearings,Other Hardware
slam,Riser Pads,Other Hardware
slam,Complete Skateboard,Completes
slam,Service,Other
slam,Skate Tool,Other Hardware
slam,Accessories,Accessories
slam,Cap,Hats & Beanies
slam,Wall Hanger,Other Hardware
slam,Patch,Other Hardware
slam,Toy,Other
slam,Pant,Bottoms
slam,Rails,Other Hardware
slam,Wheels,Wheels
slam,Hat,Hats & Beanies
slam,Shorts,Bottoms
slam,Air Freshener,Other Hardware
pretend,Insoles,Other Hardware
pretend,Pants,Bottoms
pretend,Jackets,Outerwear
pretend,Spares,Other Hardware
pretend,Trucks,Trucks
pretend,Protection,Protection
pretend,Sunglasses,Accessories
pretend,Watches,Accessories
pretend,Miscellaneous,Other
pretend,Sweatshirts,Hoodies & Sweaters
pretend,Wallets,Accessories
pretend,Belts,Accessories
pretend,Hoodies,Hoodies & Sweaters
pretend,Gift Cards,Other
pretend,Tools,Other Hardware
pretend,Deck,Decks
pretend,Socks,Other Clothing
pretend,Completes,Completes
pretend,Beanies,Hats & Beanies
pretend,Fixings,Other Hardware
pretend,Wax,Other Hardware
pretend,Shoes,Shoes
pretend,Bearings,Other Hardware
pretend,Hat,Hats & Beanies
pretend,Cap,Hats & Beanies
pretend,T-Shirts,T-Shirts
pretend,Shirts,Shirts & Polos
pretend,Rails,Other Hardware
pretend,Wheels,Wheels
pretend,Backpacks,Bags
pretend,Risers,Other Hardware
pretend,Shorts,Bottoms
tuesdays,Underwear,Other Clothing
tuesdays,griptape,Other Hardware
tuesdays,Footwear,Shoes
tuesdays,Pants,Bottoms
tuesdays,Decks,Decks
tuesdays,Jackets,Outerwear
tuesdays,Hats,Hats & Beanies
tuesdays,Spray Paint,Other Hardware
tuesdays,scarf,Other Clothing
tuesdays,tool,Other Hardware
tuesdays,Toys,Other
tuesdays,Patches,Other Hardware
tuesdays,Hoods,Hoodies & Sweaters
tuesdays,Trucks,Trucks
tuesdays,Headwear,Hats & Beanies
tuesdays,Paint,Other Hardware
tuesdays,Bolts,Other Hardware
tuesdays,Knit,Other Clothing
tuesdays,magazine,DVDs & Media
tuesdays,Stickers,Other Hardware
tuesdays,Sunglasses,Accessories
tuesdays,socks,Other Clothing
tuesdays,Sweatshirts,Hoodies & Sweaters
tuesdays,Box Builder,Other
tuesdays,Smoking Accessories,Other Hardware
tuesdays,Wallets,Accessories
tuesdays,Bushings,Other Hardware
tuesdays,Hardware,Other Hardware
tuesdays,Belts,Accessories
tuesdays,Longsleeves,Other Clothing
tuesdays,Shorts,Bottoms
tuesdays,wax,Other Hardware
tuesdays,protection,Protection
tuesdays,Sliders,Other Hardware
tuesdays,Pens,Other Hardware
tuesdays,Completes,Completes
tuesdays,pins,Other Hardware
tuesdays,bags,Bags
tuesdays,Bearings,Other Hardware
tuesdays,beanies,Hats & Beanies
tuesdays,Accessories,Accessories
tuesdays,stickers,Other Hardware
tuesdays,T-Shirts,T-Shirts
tuesdays,shirts,Shirts & Polos
tuesdays,Rails,Other Hardware
tuesdays,Wheels,Wheels
tuesdays,Markers,Other Hardware
tuesdays,caps,Hats & Beanies
tuesdays,Voucher,Other
lariatt,Shoe Care,Accessories
lariatt,Insoles,Accessories
lariatt,Decks,Decks
lariatt,Jackets,Outerwear
lariatt,Gift Card,Other
lariatt,Trucks,Trucks
lariatt,Bolts,Other Hardware
lariatt,Stickers,Other Hardware
lariatt,Sunglasses,Accessories
lariatt,Skate Shoes,Shoes
lariatt,Caps,Hats & Beanies
lariatt,KIDS SKATE SHOES,Shoes
lariatt,Bushings,Other Hardware
lariatt,Parts,Other Hardware
lariatt,Skateboard Wax,Other Hardware
lariatt,Hoodies,Hoodies & Sweaters
lariatt,Beanie,Hats & Beanies
lariatt,MISC,Other
lariatt,Socks,Other Clothing
lariatt,Completes,Completes
lariatt,Bearings,Other Hardware
lariatt,GRIPTAPE,Other Hardware
lariatt,Riser Pads,Other Hardware
lariatt,BACKPACKS,Bags
lariatt,Skate Tool,Other Hardware
lariatt,T-Shirts,T-Shirts
lariatt,PROTECTION,Protection
lariatt,Rails,Other Hardware
lariatt,Wheels,Wheels
lariatt,Tech Deck,Other
lariatt,Air Freshener,Other Hardware
ideal,Anorak Jackets,Outerwear
ideal,T shirts,T-Shirts
ideal,Skateboard Wheels,Wheels
ideal,Footwear,Shoes
ideal,decks,Decks
ideal,Jackets,Outerwear
ideal,Books,DVDs & Media
ideal,Trucks,Trucks
ideal,Apparel & Accessories > Clothing > Outerwear > Coats & Jackets > Anorak Jackets,Outerwear
ideal,Stickers,Other Accessories
ideal,Protection,Protection
ideal,Brooches & Lapel Pins,Other Accessories
ideal,Sweatshirts,Hoodies & Sweaters
ideal,"Denim, Trousers & Shorts",Bottoms
ideal,Skate Accessories,Other Hardware
ideal,Belts,Accessories
ideal,Socks,Other Clothing
ideal,Completes,Completes
ideal,Wax,Other Hardware
ideal,Bags,Bags
ideal,hats & beanies,Hats & Beanies
ideal,Bearings,Other Hardware
ideal,Accessories,Other Accessories
ideal,T-Shirts,T-Shirts
ideal,Shirts,Shirts & Polos
ideal,DVDs,DVDs & Media
ideal,Wheels,Wheels
ideal,Skateboard Small Parts,Other Hardware
source,T-shirts,T-Shirts
source,board-build-service,Other
source,Decks,Decks
source,Jackets,Outerwear
source,BMX Pads,Protection
source,Ramps & Rails,Other Hardware
source,Trucks,Trucks
source,Kids Caps & Beanies,Hats & Beanies
source,Complete Skateboards,Completes
source,Girls Bottoms,Bottoms
source,Griptape,Other Hardware
source,Kingpins,Other Hardware
source,Belts & Buckles,Accessories
source,Jeans & Cords,Bottoms
source,Miscellaneous,Other
source,Basket Offers,Other
source,Bushings,Other Hardware
source,Kids T-shirts,Other Clothing
source,Kids Hoodies & Sweats,Hoodies & Sweaters
source,Caps & Beanies,Hats & Beanies
source,Kids Shoes,Shoes
source,Socks,Other Clothing
source,Skate Cruisers & Longboards,Completes
source,Helmets,Protection
source,Skate Tools,Other Hardware
source,Skate Wax,Other Hardware
source,Hoodies & Sweats,Hoodies & Sweaters
source,Bearings,Other Hardware
source,Shoes,Shoes
source,Riser Pads,Other Hardware
source,Sticker Packs,Other Hardware
source,Accessories,Accessories
source,Skate Wheels,Wheels
source,Skate DVDs,DVDs & Media
source,Magazines,DVDs & Media
source,Truck Bolts,Other Hardware
source,Shirts,Shirts & Polos
source,Skateboard Rails,Other Hardware
source,Backpacks,Bags
source,Girls Tops,Shirts & Polos
source,Shorts,Bottoms
aylesbury,Accessories > Chair,Other Accessories
aylesbury,Accessories > Sunglasses,Other Accessories
aylesbury,Media > DVD,DVDs & Media
aylesbury,Clothing > Shorts,Bottoms
aylesbury,Clothing > Trousers,Bottoms
aylesbury,Accessories > Blanket,Other Accessories
aylesbury,Skateboarding > Longboard,Completes
aylesbury,Skateboarding > Hardware > Bearings,Other Hardware
aylesbury,Skateboarding > Hardware > Bolts,Other Hardware
aylesbury,Clothing > Hat > Cap,Hats & Beanies
aylesbury,Accessories > Dice,Other Accessories
aylesbury,Skateboarding > Accessories,Other Accessories
aylesbury,Accessories > Wallet,Bags
aylesbury,Accessories > Mug,Other Accessories
aylesbury,Clothing > Socks,Other Accessories
aylesbury,Clothing > Accessories > Scarf,Other Accessories
aylesbury,Skateboarding > Hardware > Wax,Other Hardware
aylesbury,Clothing > Accessories > Belt,Other Accessories
aylesbury,Skateboarding > Hardware > Kingpin,Other Hardware
aylesbury,Clothing > Hat > Beanie,Hats & Beanies
aylesbury,Skateboarding > Safety > Pad Set,Protection
aylesbury,Shoes > Slides,Shoes
aylesbury,Skateboarding > Safety > Elbow Pad,Protection
aylesbury,Luggage > Crossbody Bag,Bags
aylesbury,Accessories > Mask,Other Accessories
aylesbury,Luggage > Backpack,Bags
aylesbury,Clothing > Fleece,Hoodies & Sweaters
aylesbury,Accessories > Lunchbox,Other Accessories
aylesbury,Accessories > Lanyard,Other Accessories
aylesbury,Skateboarding > Hardware> Risers,Other Hardware
aylesbury,Skateboarding > Hardware > Griptape,Other Hardware
aylesbury,Clothing > Sweatshirt,Hoodies & Sweaters
aylesbury,Skateboarding > Hardware > Bushings,Other Hardware
aylesbury,Accessories > Pin,Other Accessories
aylesbury,Clothing > T-Shirt,T-Shirts
aylesbury,Skateboarding > Hardware > Tool,Other Hardware
aylesbury,Accessories > Drinkware,Other Accessories
aylesbury,Accessories > Plush,Other Accessories
aylesbury,Luggage > Tote,Bags
aylesbury,Accessories > Shoe repair,Other Hardware
aylesbury,Accessories > Cards,Other Accessories
aylesbury,Clothing > Shirt,Shirts & Polos
aylesbury,Skateboarding > Hardware > Rails,Other Hardware
aylesbury,Socks,Other Accessories
aylesbury,Clothing > Hat > Bucket Hat,Hats & Beanies
aylesbury,Clothing > Jacket,Outerwear
aylesbury,Luggage > Duffel,Bags
aylesbury,Accessories > Keychain,Other Accessories
aylesbury,Accessories > Onesies,Other Accessories
aylesbury,Accessories > Air Freshener,Other Accessories
aylesbury,Skateboarding > Trucks,Trucks
aylesbury,Skateboarding > Safety > Helmet,Protection
aylesbury,Skateboarding > Complete Skateboard,Completes
aylesbury,Skateboarding > Hardware > Kits,Other Hardware
aylesbury,Skateboarding > Deck,Decks
aylesbury,Shoes,Shoes
aylesbury,Skateboarding > Wheels,Wheels
aylesbury,Pyjama,Other
aylesbury,Skateboarding > Complete Cruiser,Completes
aylesbury,Clothing > Underwear,Other Accessories
aylesbury,Accessories > Pillow,Other Accessories
aylesbury,Clothing > Hoodie,Hoodies & Sweaters
aylesbury,Accessories > Pet collar,Other Accessories
aylesbury,Skateboarding > Cruiser,Completes
campus,Pants,Bottoms
campus,Emerica,Shoes
campus,Hoodie,Hoodies & Sweaters
campus,Fleece,Hoodies & Sweaters
campus,Sweatshirt,Hoodies & Sweaters
campus,Gift Card,Gift Cards
campus,Trucks,Trucks
campus,Pin,Other Accessories
campus,Jacket,Outerwear
campus,Tool,Other Hardware
campus,Protection,Protection
campus,T-Shirt,T-Shirts
campus,Trousers,Bottoms
campus,Griptape,Other Hardware
campus,Chino,Bottoms
campus,Long Sleeve T-Shirt,T-Shirts
campus,Flask,Other Accessories
campus,Shirt,Shirts & Polos
campus,Crew Sweatshirt,Hoodies & Sweaters
campus,Bushings,Other Hardware
campus,Hardware,Other Hardware
campus,Media,DVDs & Media
campus,Surfskate,Completes
campus,Belt,Other Accessories
campus,Chinos,Bottoms
campus,Bag,Bags
campus,Long Sleeve T-shirt,T-Shirts
campus,Beanie,Hats & Beanies
campus,Deck,Decks
campus,Socks,Other Accessories
campus,Completes,Completes
campus,Wax,Other Hardware
campus,Hoodies & Sweats,Hoodies & Sweaters
campus,accessories,Other Accessories
campus,Dress,Other Clothing
campus,Baseplate Set,Other Hardware
campus,Shoes,Shoes
campus,T shirt,T-Shirts
campus,Complete,Completes
campus,Skateboard Deck,Decks
campus,Bearings,Other Hardware
campus,Jeans,Bottoms
campus,DVDs & Videos,DVDs & Media
campus,Cap,Hats & Beanies
campus,Hoody,Hoodies & Sweaters
campus,Insoles & Inserts,Other Accessories
campus,Artwork,Other Accessories
campus,Rails,Other Hardware
campus,Wheels,Wheels
campus,SHORTS,Bottoms
campus,Hat,Hats & Beanies
campus,Risers,Other Hardware
campus,Publications,Other
campus,Shorts,Bottoms
legacy,teeshirt,T-Shirts
legacy,Footwear,Shoes
legacy,Pants,Bottoms
legacy,Wallet,Accessories
legacy,book,Other
legacy,Decks,Decks
legacy,Crew,Hoodies & Sweaters
legacy,Gift Card,Other
legacy,Trucks,Trucks
legacy,Jacket,Outerwear
legacy,Magazine,Other
legacy,Protection,Protection
legacy,Sunglasses,Accessories
legacy,Griptape,Other Hardware
legacy,Ring,Other Accessories
legacy,Sports Bra,Other Clothing
legacy,DVD,DVDs & Media
legacy,Skateboards,Completes
legacy,Hood,Hoodies & Sweaters
legacy,Parts,Other Hardware
legacy,Media,DVDs & Media
legacy,Book,Other
legacy,6-Panel,Hats & Beanies
legacy,Tools,Other Hardware
legacy,Belt,Accessories
legacy,Beanie,Hats & Beanies
legacy,Deck,Decks
legacy,L/S Teeshirt,T-Shirts
legacy,Socks,Other Clothing
legacy,deck,Decks
legacy,Iphone Lens,Accessories
legacy,Polo Tee,Shirts & Polos
legacy,Bags,Bags
legacy,5-Panel,Hats & Beanies
legacy,Snapback,Hats & Beanies
legacy,Bearings,Other Hardware
legacy,Hoody,Hoodies & Sweaters
legacy,Complete Skateboard,Completes
legacy,Accessories,Accessories
legacy,Cap,Hats & Beanies
legacy,Wheels,Wheels
legacy,Overalls,Bottoms
legacy,Shorts,Bottoms
dissent,Footwear,Shoes
dissent,Hoodie,Hoodies & Sweaters
dissent,Trucks,Trucks
dissent,Bolts,Other Hardware
dissent,Jacket,Outerwear
dissent,T-Shirt,T-Shirts
dissent,Sweater,Hoodies & Sweaters
dissent,Shirt,Shirts & Polos
dissent,Sweatpants,Bottoms
dissent,Beanie,Hats & Beanies
dissent,Deck,Decks
dissent,Socks,Other Accessories
dissent,Wax,Other Hardware
dissent,Shoes,Shoes
dissent,Bearings,Other Hardware
dissent,Cap,Hats & Beanies
dissent,T-Shirts,T-Shirts
dissent,Rails,Other Hardware
dissent,Wheels,Wheels
boredroom,Hoodies & Sweatshirts,Hoodies & Sweaters
boredroom,Underwear,Other Clothing
boredroom,Pants,Bottoms
boredroom,Playing Cards,Other Hardware
boredroom,Drinkware,Other Hardware
boredroom,Sliders & Flipflops,Shoes
boredroom,Basketball,Other
boredroom,Lanyard,Other Hardware
boredroom,Key Fob,Other Hardware
boredroom,Toys,Other
boredroom,Bottle,Other Hardware
boredroom,Fleece,Hoodies & Sweaters
boredroom,Wallet,Accessories
boredroom,Gift Card,Other
boredroom,Trucks,Trucks
boredroom,Yo-Yo,Other Hardware
boredroom,Bolts,Other Hardware
boredroom,sunglasses,Accessories
boredroom,Case,Other Hardware
boredroom,Griptape,Other Hardware
boredroom,Caps,Hats & Beanies
boredroom,Shirt,Shirts & Polos
boredroom,sculpture,Other
boredroom,Backpack,Bags
boredroom,Jumpsuit,Other Clothing
boredroom,Belts,Accessories
boredroom,Mugs,Other Hardware
boredroom,Shorts,Bottoms
boredroom,Dresses,Other Clothing
boredroom,Beanie,Hats & Beanies
boredroom,Bucket Hat,Hats & Beanies
boredroom,Deck,Decks
boredroom,Socks,Other Clothing
boredroom,poker,Other
boredroom,Coolers,Other Hardware
boredroom,Wax,Other Hardware
boredroom,Bags,Bags
boredroom,Shoes,Shoes
boredroom,Jackets & Coats,Outerwear
boredroom,T-Shirts,T-Shirts
boredroom,Cooler Box,Other Hardware
boredroom,Overalls,Other Clothing
boredroom,Mystery Box,Other
baddest,sticker,Other Accessories
baddest,Grip Tape,Other Hardware
baddest,Tshirt,T-Shirts
baddest,Trucks,Trucks
baddest,trousers,Bottoms
baddest,Bolts,Other Hardware
baddest,Magazine,DVDs & Media
baddest,Tool,Other Hardware
baddest,Protection,Protection
baddest,bolts,Other Hardware
baddest,Skateboard Decks,Decks
baddest,Trousers,Bottoms
baddest,Bushings,Other Hardware
baddest,Longsleeves,Shirts & Polos
baddest,Hoodies,Hoodies & Sweaters
baddest,Book,Other
baddest,Keychain,Other Accessories
baddest,Bag,Bags
baddest,wax,Other Hardware
baddest,Socks,Other Accessories
baddest,Flooring & Carpet,Other
baddest,Wax,Other Hardware
baddest,Bearings,Other Hardware
baddest,other,Other
baddest,Hats & Beanies,Hats & Beanies
baddest,Complete Skateboard,Completes
baddest,T-Shirts,T-Shirts
baddest,Patch,Other Accessories
baddest,Rails,Other Hardware
baddest,Wheels,Wheels
baddest,Risers,Other Hardware
baddest,Shorts,Bottoms
focus,T-shirts,T-Shirts
focus,Footwear,Shoes
focus,Pin Badges,Other Accessories
focus,Decks,Decks
focus,Jackets,Outerwear
focus,Trucks,Trucks
focus,Complete Skateboards,Completes
focus,Caps,Hats & Beanies
focus,Sweatshirts,Hoodies & Sweaters
focus,Box Builder,Other
focus,DVD,DVDs & Media
focus,Jeans & Pants,Bottoms
focus,Hardware,Other Hardware
focus,Belts,Other Accessories
focus,Socks,Other Accessories
focus,Beanies,Hats & Beanies
focus,Bags,Bags
focus,Bearings,Other Hardware
focus,Shoes,Shoes
focus,Shirts & Polos,Shirts & Polos
focus,Accessories,Other Accessories
focus,Skate Tool,Other Hardware
focus,Shirts,Shirts & Polos
focus,General,Other
focus,Wheels,Wheels
focus,Helmets & Pads,Protection
focus,Shorts,Bottoms
illicit,T shirts,T-Shirts
illicit,T Shirts,T-Shirts
illicit,Hoodie,Hoodies & Sweaters
illicit,Sweatshirt,Hoodies & Sweaters
illicit,Hoodies,Hoodies & Sweaters
illicit,Footwear,Shoes
illicit,Decks,Decks
illicit,Trucks,Trucks
illicit,Wheels,Wheels
illicit,Bolts,Other Hardware
illicit,Wax,Other Hardware
illicit,Griptape,Other Hardware
illicit,Skate tool,Other Hardware
illicit,Bearings,Other Hardware
illicit,Bushings,Other Hardware
illicit,Complete,Completes
illicit,Trousers / Pants,Bottoms
illicit,Hats,Hats & Beanies
illicit,Key chain,Accessories
illicit,Badge,Accessories
illicit,Bags,Bags
illicit,Tote bag,Bags
illicit,Socks,Other Clothing
illicit,Stockings,Other Clothing
illicit,Mug,Other
illicit,Gift card,Other
illicit,Pencil case,Other
illicit,Dice,Other
decade,T-Shirt,T-Shirts
decade,Footwear,Shoes
decade,Trousers,Bottoms
decade,Decks,Decks
decade,Sweat,Hoodies & Sweaters
decade,Hats,Hats & Beanies
decade,Gift Card,Gift Cards
decade,Socks,Other Accessories
decade,Trucks,Trucks
decade,Wheels,Wheels
decade,Hardware,Other Hardware
decade,Bags,Bags
june,T-Shirt,T-Shirts
june,Shirt,Shirts & Polos
june,Hoods & Crew,Hoodies & Sweaters
june,Outerwear,Outerwear
june,Bottoms,Bottoms
june,Accessories,Accessories
june,Shoes,Shoes
june,Hats & Beanies,Hats & Beanies
june,Bags,Bags
june,Completes,Completes
june,Deck,Decks
june,Trucks,Trucks
june,Wheels,Wheels
june,Bolts,Other Hardware
june,Bushings,Other Hardware
june,Skate Tool,Other Hardware
june,Bearings,Other Hardware
june,Protection,Protection
june,Socks,Other Clothing
june,Gift Vouchers,Other
june,Miscellaneous,Other
june,Jeans & Pants,Other
june,Coffee,Other
june,SHOPSTORM_HIDDEN_PRODUCT,Other
level,Skateboard Wheels,Wheels
level,Decks,Decks
level,Jackets,Outerwear
level,Wallet,Accessories
level,Hats,Hats & Beanies
level,Gift Card,Other
level,Shoe Repair,Other Hardware
level,Trucks,Trucks
level,Bolts,Other Hardware
level,Skateboard Decks,Decks
level,Reading & DVDs,DVDs & Media
level,Griptape,Other Hardware
level,Grinders,Other Hardware
level,Caps,Hats & Beanies
level,Sweatshirts,Hoodies & Sweaters
level,Bushings,Other Hardware
level,slippers,Shoes
level,Hardware,Other Hardware
level,Belts,Accessories
level,Mugs,Other Accessories
level,Hoodies,Hoodies & Sweaters
level,Tools,Other Hardware
level,Jeans & Trackies,Bottoms
level,Socks,Other Clothing
level,Laces,Other Hardware
level,Beanies,Hats & Beanies
level,Helmets,Protection
level,Wax,Other Hardware
level,Bags,Bags
level,Pads,Protection
level,Shoes,Shoes
level,Complete,Completes
level,Bearings,Other Hardware
level,shorts,Bottoms
level,Accessories,Accessories
level,T-Shirts,T-Shirts
level,Shirts,Shirts & Polos
level,Bucket Hats,Hats & Beanies
level,Rails,Other Hardware
level,Wheels,Wheels
level,Risers,Other Hardware
prime,Scooter Gloves,Protection
prime,Footwear,Shoes
prime,Decks,Decks
prime,Knee Pads,Protection
prime,Scooter Completes,Completes
prime,Trucks,Trucks
prime,Headwear,Hats & Beanies
prime,Misc,Other
prime,Elbow Pads,Protection
prime,Complete Skateboards,Completes
prime,Stickers,Other Hardware
prime,Scooter Forks,Other Hardware
prime,Hooded Sweats,Hoodies & Sweaters
prime,Sunglasses,Accessories
prime,Trousers,Bottoms
prime,Griptape,Other Hardware
prime,Crew Sweats,Hoodies & Sweaters
prime,Wallets,Accessories
prime,T Shirts,T-Shirts
prime,Parts,Other Hardware
prime,Other Protection,Protection
prime,Belts,Accessories
prime,Tools,Other Hardware
prime,Gift Voucher,Other
prime,Scooter Grips,Other Hardware
prime,Scooter Griptape,Other Hardware
prime,Socks,Other Clothing
prime,Scooter Wheels,Wheels
prime,Helmets,Protection
prime,Bags,Bags
prime,Scooter Headsets,Other Hardware
prime,Kids Jackets,Outerwear
prime,Bearings,Other Hardware
prime,Scooter Miscellaneous,Other
prime,Scooter Clamps,Other Hardware
prime,Combo Pad Sets,Protection
prime,Scooter Bars,Other Hardware
prime,Wrist Guards,Protection
prime,Truck Bolts,Other Hardware
prime,Shirts,Shirts & Polos
prime,Scooter Parts,Other Hardware
prime,Wheels,Wheels
prime,Adults Jackets,Outerwear
prime,Shorts,Bottoms
cardiff,Skateboard Wheels,Wheels
cardiff,Footwear,Shoes
cardiff,Pants,Bottoms
cardiff,Jackets,Outerwear
cardiff,Complete Skateboards,Completes
cardiff,Skateboard Trucks,Trucks
cardiff,Gift Vouchers,Gift Cards
cardiff,Griptape,Other Hardware
cardiff,Skateboard Bearings,Other Hardware
cardiff,Crews,Hoodies & Sweaters
cardiff,Hoodies,Hoodies & Sweaters
cardiff,Caps & Beanies,Hats & Beanies
cardiff,Shirts & Tops,Shirts & Polos
cardiff,Pads & Helmets,Protection
cardiff,Socks,Other Accessories
cardiff,Skateboard DVDs & Zines,DVDs & Media
cardiff,Skateboard Hardware,Other Hardware
cardiff,Bags,Bags
cardiff,Tiago 1010,Other
cardiff,Skateboard Deck,Decks
cardiff,Accessories,Other Accessories
cardiff,T-Shirts,T-Shirts
cardiff,Shirts,Shirts & Polos
welcome,T-shirts,T-Shirts
welcome,Footwear,Shoes
welcome,Decks,Decks
welcome,Jackets,Outerwear
welcome,Skate Media,DVDs & Media
welcome,Trucks,Trucks
welcome,Bolts,Other Hardware
welcome,Bags and Backpacks,Bags
welcome,Stickers,Other Hardware
welcome,Trousers,Bottoms
welcome,Caps,Hats & Beanies
welcome,Sweatshirts,Hoodies & Sweaters
welcome,Parts,Other Hardware
welcome,Safety Equipment,Protection
welcome,Gift Cards,Other
welcome,Tools,Other Hardware
welcome,Socks,Other Clothing
welcome,Completes,Completes
welcome,Beanies,Hats & Beanies
welcome,Bearings,Other Hardware
welcome,Accessories,Accessories
welcome,Shirts,Shirts & Polos
welcome,Bucket Hats,Hats & Beanies
welcome,Knitwear,Other Clothing
welcome,Wheels,Wheels
welcome,Shorts,Bottoms
flavour,Grip Tape,Other Hardware
flavour,Jackets,Outerwear
flavour,Hoodie,Hoodies & Sweaters
flavour,Trucks,Trucks
flavour,Bolts,Other Hardware
flavour,Stickers,Other Accessories
flavour,Blanket,Other Accessories
flavour,Speed Oil,Other Hardware
flavour,T-Shirt,T-Shirts
flavour,Trousers,Bottoms
flavour,Kingpin,Other Hardware
flavour,Caps,Hats & Beanies
flavour,Sweatshirts,Hoodies & Sweaters
flavour,Bearing Cream,Other Hardware
flavour,Bushings,Other Hardware
flavour,Belts,Other Accessories
flavour,Gift Cards,Other
flavour,Vase,Other Accessories
flavour,Deck,Decks
flavour,Socks,Other Accessories
flavour,Beanies,Hats & Beanies
flavour,Helmets,Protection
flavour,Wax,Other Hardware
flavour,Pads,Protection
flavour,Bags,Bags
flavour,Shoes,Shoes
flavour,Complete,Completes
flavour,Bearings,Other Hardware
flavour,Accessories,Other Accessories
flavour,Longsleeve,Shirts & Polos
flavour,Skate Tool,Other Hardware
flavour,Magazines,DVDs & Media
flavour,Shirts,Shirts & Polos
flavour,Rails,Other Hardware
flavour,Wheels,Wheels
flavour,Risers,Other Hardware
flavour,Tech Deck,Other Accessories
flavour,Shorts,Bottoms
flavour,Car Shade,Other Accessories
freestyle,Skateboard Wheels,Wheels
freestyle,Jewellery,Accessories
freestyle,Insoles,Other Hardware
freestyle,Clock,Other
freestyle,Pants,Bottoms
freestyle,t shirt,T-Shirts
freestyle,Slippers,Shoes
freestyle,Decks,Decks
freestyle,TRUCKS,Trucks
freestyle,Hats,Hats & Beanies
freestyle,pads,Protection
freestyle,Hoodie,Hoodies & Sweaters
freestyle,cleaning Product,Other Hardware
freestyle,Snap Back,Hats & Beanies
freestyle,BEARINGS,Other Hardware
freestyle,Vinyl Figure,Other
freestyle,Skateboard Kits,Completes
freestyle,Bolts,Other Hardware
freestyle,back pack,Bags
freestyle,Pin,Other Accessories
freestyle,Jacket,Outerwear
freestyle,Skateboard bag,Bags
freestyle,bolts,Other Hardware
freestyle,Skateboard Decks,Decks
freestyle,WHEELS,Wheels
freestyle,Jersey,Shirts & Polos
freestyle,Sweater,Hoodies & Sweaters
freestyle,Griptape,Other Hardware
freestyle,Dog lead,Other Accessories
freestyle,Skateboard complete,Completes
freestyle,Skateboards,Decks
freestyle,T-SHIRT,T-Shirts
freestyle,Bushings,Other Hardware
freestyle,T Tool,Other Hardware
freestyle,Skateboarding Pads,Protection
freestyle,Hardware,Other Hardware
freestyle,Book,DVDs & Media
freestyle,Gift Cards,Other Accessories
freestyle,Mug,Other Accessories
freestyle,Apparel & Accessories,Other Clothing
freestyle,Beanie,Hats & Beanies
freestyle,Grip tape,Other Hardware
freestyle,Shock Pads,Other Hardware
freestyle,Helmet,Protection
freestyle,Bottle Opener,Other Accessories
freestyle,Socks,Other Accessories
freestyle,Bearing Press,Other Hardware
freestyle,T Shirt,T-Shirts
freestyle,Shoes,Shoes
freestyle,Complete,Completes
freestyle,Cap,Hats & Beanies
freestyle,Patch,Other Accessories
freestyle,Strapback Hat,Hats & Beanies
freestyle,skateboard trucks,Trucks
freestyle,Skateboard Rails,Other Hardware
freestyle,Rails,Other Hardware
slugger,T-shirts,T-Shirts
slugger,Shoe Care,Other Hardware
slugger,griptape,Other Hardware
slugger,Footwear,Shoes
slugger,VHS,DVDs & Media
slugger,Patches,Other Hardware
slugger,Decks,Decks
slugger,Hats,Hats & Beanies
slugger,keyring,Other Hardware
slugger,Sweatshirt,Hoodies & Sweaters
slugger,Trucks,Trucks
slugger,trousers,Bottoms
slugger,beanie,Hats & Beanies
slugger,Bolts,Other Hardware
slugger,Magazine,DVDs & Media
slugger,Stickers,Other Hardware
slugger,cap,Hats & Beanies
slugger,Blanket,Other
slugger,JACKETS,Outerwear
slugger,Jogger,Bottoms
slugger,Sunglasses,Accessories
slugger,USB Key,Other Hardware
slugger,COMPLETE SKATEBOARD,Completes
slugger,Griptape,Other Hardware
slugger,Ring,Other Hardware
slugger,Caps,Hats & Beanies
slugger,Sweatshirts,Hoodies & Sweaters
slugger,bearings,Other Hardware
slugger,DVD,DVDs & Media
slugger,Wallets,Accessories
slugger,complete,Completes
slugger,Bushings,Other Hardware
slugger,Socks & Boxer Shorts,Other Clothing
slugger,Media,DVDs & Media
slugger,Shorts,Bottoms
slugger,Belt,Accessories
slugger,wax,Other Hardware
slugger,Helmet,Protection
slugger,Vinyl,Other Hardware
slugger,Socks,Other Clothing
slugger,BOOK,Other
slugger,Flag / Banner,Other Hardware
slugger,BOLTS,Other Hardware
slugger,Wax,Other Hardware
slugger,DECKS,Decks
slugger,Bags,Bags
slugger,tray,Other Hardware
slugger,BAG,Bags
slugger,Bearings,Other Hardware
slugger,Necklace,Other Hardware
slugger,Jeans,Bottoms
slugger,Accessories,Accessories
slugger,Skate Tool,Other Hardware
slugger,T-Shirts,T-Shirts
slugger,Re-Threader,Other Hardware
slugger,Shirts,Shirts & Polos
slugger,t-shirt,T-Shirts
slugger,Rails,Other Hardware
slugger,Wheels,Wheels
slugger,Risers,Other Hardware
slugger,caps,Hats & Beanies
altarskateshop,Nuts,Other Hardware
altarskateshop,Undercarriage,Other Hardware
altarskateshop,Gift Card,Gift Cards
altarskateshop,Trucks,Trucks
altarskateshop,Bolts,Other Hardware
altarskateshop,Magazine,DVDs & Media
altarskateshop,Stickers,Other Accessories
altarskateshop,Jacket,Outerwear
altarskateshop,Tool,Other Hardware
altarskateshop,Trousers,Bottoms
altarskateshop,Jumper,Hoodies & Sweaters
altarskateshop,Griptape,Other Hardware
altarskateshop,Skate Shoes,Shoes
altarskateshop,Bushings,Other Hardware
altarskateshop,Pin Badge,Other Accessories
altarskateshop,Hood,Hoodies & Sweaters
altarskateshop,Hardware,Other Hardware
altarskateshop,Wheels,Wheels
altarskateshop,Tee,T-Shirts
altarskateshop,Bag,Bags
altarskateshop,Deck,Decks
altarskateshop,Innersoles,Other Accessories
altarskateshop,Socks,Other Accessories
altarskateshop,Laces,Other Accessories
altarskateshop,Oil,Other Hardware
altarskateshop,Bearings,Other Hardware
altarskateshop,Complete,Completes
altarskateshop,Hoody,Hoodies & Sweaters
altarskateshop,Cap,Hats & Beanies
altarskateshop,repair,Other Hardware
altarskateshop,Rails,Other Hardware
altarskateshop,Risers,Other Hardware
altarskateshop,Shorts,Bottoms
altarskateshop,Pants,Bottoms
altarskateshop,Jeans,Bottoms
altarskateshop,Shirts,Shirts & Polos
altarskateshop,Polos,Shirts & Polos
altarskateshop,Sweaters,Hoodies & Sweaters
altarskateshop,Beanies,Hats & Beanies
altarskateshop,Belts,Other Accessories
altarskateshop,Sunglasses,Other Accessories
altarskateshop,Gloves,Other Accessories
altarskateshop,Scarves,Other Accessories
altarskateshop,Ear Plugs,Other Accessories
altarskateshop,Mouth Guards,Other Accessories
altarskateshop,Helmets,Protection
altarskateshop,Pads,Protection
altarskateshop,DVDs & Media,DVDs & Media
altarskateshop,Other Clothing,Other Clothing
altarskateshop,Other Hardware,Other Hardware
altarskateshop,Other Accessories,Other Accessories
altarskateshop,Other,Other
